"tweet_id","in_reply_to_status_id","in_reply_to_user_id","timestamp","source","text","retweeted_status_id","retweeted_status_user_id","retweeted_status_timestamp","expanded_urls"
"118846814639243265","","","2011-09-28 00:37:43 +0000","<a href=""http://mobileways.de/gravity"" rel=""nofollow"">Gravity</a>","RT @3deellos: Se vienen Shows en Capital Federal, Zona Oeste y Zona Sur!!! #hdsradio Juan","","","",""
"57106481467760641","","","2011-04-10 15:43:40 +0000","<a href=""http://mobileways.de/gravity"" rel=""nofollow"">Gravity</a>","Quien nos dice la verdad...quien esta mintiendo?","","","",""
"51839108762435584","51811915260899328","186449951","2011-03-27 02:53:01 +0000","<a href=""http://mobileways.de/gravity"" rel=""nofollow"">Gravity</a>","@bar_estrellitas Que pasa bebu?","","","",""
"49967606563733504","","","2011-03-21 22:56:20 +0000","<a href=""http://mobileways.de/gravity"" rel=""nofollow"">Gravity</a>","RT @bunburyoficial: BUNBURY - El Extranjero (Gran Rex) http://fb.me/GHFXylfd","49939400146157568","106876550","2011-03-21 21:04:15 +0000",""
"48215146807570432","48210724647997440","145741959","2011-03-17 02:52:41 +0000","<a href=""http://mobileways.de/gravity"" rel=""nofollow"">Gravity</a>","@rosalesmanu Mañana te cuento, y te lo paso. Nos vemos","","","",""
"48208686694400000","","","2011-03-17 02:27:01 +0000","<a href=""http://mobileways.de/gravity"" rel=""nofollow"">Gravity</a>","RT @Juan_HDS_: @marininga mientras dure el dinero y dure el empeño ladrillo a ladrillo quedan años después. ""Si estas dispuesto""","","","",""
"48205631227838464","48204852735639552","186449951","2011-03-17 02:14:52 +0000","<a href=""http://mobileways.de/gravity"" rel=""nofollow"">Gravity</a>","@bar_estrellitas Cansado, queriendo ir a casa, mañana te llamo, beso..ah manda tu id nextel x priv.","","","",""
"48204185069568000","48187740629643264","186449951","2011-03-17 02:09:07 +0000","<a href=""http://mobileways.de/gravity"" rel=""nofollow"">Gravity</a>","@bar_estrellitas =)","","","",""
"48197952153460736","","","2011-03-17 01:44:21 +0000","<a href=""http://mobileways.de/gravity"" rel=""nofollow"">Gravity</a>","Esperando un milagro...","","","",""
"48197568760516608","","","2011-03-17 01:42:50 +0000","<a href=""http://mobileways.de/gravity"" rel=""nofollow"">Gravity</a>","http://twitpic.com/4a6fnr","","","",""
"41983807049441280","","","2011-02-27 22:11:34 +0000","<a href=""http://mobileways.de/gravity"" rel=""nofollow"">Gravity</a>","RT @bunburyoficial: ""La juventud, no te acompañará / los próximos mil años.""","41978584318869504","106876550","2011-02-27 21:50:49 +0000",""
"41309634908135424","","","2011-02-26 01:32:39 +0000","<a href=""http://mobileways.de/gravity"" rel=""nofollow"">Gravity</a>","RT @bunburyoficial: FREEK magazine diseña BUNBURY Gran Rex

DOBLE DISCO EN DIRECTO (TRIPLE VINILO) http://fb.me/AISNC3ry","41309016730771456","106876550","2011-02-26 01:30:11 +0000",""
"31411189275688962","","","2011-01-29 17:59:45 +0000","<a href=""http://www.tweets60.com/"" rel=""nofollow"">Tweets60</a>","RT @lolybunbury Detrás de un ""me da miedo quererte"" hay un ""me da miedo tenerte que olvidar"".","","","",""
"29140796439531520","","","2011-01-23 11:38:01 +0000","<a href=""http://twitter.com"" rel=""nofollow"">Twitter Web Client</a>","@marininga mientras dure el dinero y dure el empeño ladrillo a ladrillo quedan años después.","","","",""
"21415566837288960","","","2011-01-02 04:00:43 +0000","<a href=""http://twitter.com"" rel=""nofollow"">Twitter Web Client</a>","Felicidades! a remar el año che!","","","",""
"20568252094615552","","","2010-12-30 19:53:48 +0000","<a href=""https://dev.twitter.com/docs/tfw"" rel=""nofollow"">Twitter for Websites</a>","listening to Senda by Heroes del Silencio on @Grooveshark:   http://t.co/uRGvJFl","","","","http://tinysong.com/CwBC"
"19763280532733953","","","2010-12-28 14:35:07 +0000","<a href=""http://www.tweets60.com/"" rel=""nofollow"">Tweets60</a>","RT @bunburyoficial: Alicia (Expulsada Al País De Las Maravillas) http://fb.me/QVZT6Mrz","18933409137041408","106876550","2010-12-26 07:37:31 +0000",""
"18827583319707649","","","2010-12-26 00:37:00 +0000","<a href=""http://www.tweets60.com/"" rel=""nofollow"">Tweets60</a>","O todo el mundo esta loco o DIOS es sordo. Sacame de Aqui","","","",""
"9423754199310336","","","2010-11-30 01:49:32 +0000","<a href=""http://www.mixero.com"" rel=""nofollow"">Mixero</a>","Buncando motivos para vivir!!!","","","",""
"9396018416189440","","","2010-11-29 23:59:20 +0000","<a href=""http://www.mixero.com"" rel=""nofollow"">Mixero</a>","http://www.hechizoinfinito.com/","","","",""
"9385112076558337","","","2010-11-29 23:15:59 +0000","<a href=""http://twitter.com"" rel=""nofollow"">Twitter Web Client</a>","RT @bunburyoficial: El Rescate http://fb.me/yqDakFvI","9266217575522304","106876550","2010-11-29 15:23:33 +0000",""
"9371046159327232","","","2010-11-29 22:20:06 +0000","<a href=""http://twitter.com"" rel=""nofollow"">Twitter Web Client</a>","GLOBO ME VAS A MATAR, Junto a mi cráter en el estomago","","","",""
"9085561906135040","","145741959","2010-11-29 03:25:41 +0000","<a href=""http://twitter.com"" rel=""nofollow"">Twitter Web Client</a>","@rosalesmanu @CotyPonce les recomiendo un disco para la batalla 
Janis Joplin / Janis - Disc 1/2/3","","","",""
"9084857086902272","9084156587810816","145741959","2010-11-29 03:22:53 +0000","<a href=""http://twitter.com"" rel=""nofollow"">Twitter Web Client</a>","@rosalesmanu @CotyPonce el NO faltaba, bueno vos nunca te equivocaste en una nota? o vos coty sabes lo que es una nota no?","","","",""
"9083307379654656","9082538572120065","145741959","2010-11-29 03:16:43 +0000","<a href=""http://twitter.com"" rel=""nofollow"">Twitter Web Client</a>","@rosalesmanu @CotyPonce  vos manu deja de robar cunas eh!! lo mio es mas sano y desvirgo a nenas inocentes JAJAJAJAJA","","","",""
"9081009890918400","9079142951682048","61871136","2010-11-29 03:07:36 +0000","<a href=""http://www.tweets60.com/"" rel=""nofollow"">Tweets60</a>","@CotyPonce se se...MR","","","",""
"9079585798885376","","","2010-11-29 03:01:56 +0000","<a href=""http://www.tweets60.com/"" rel=""nofollow"">Tweets60</a>","y x fin sonreir, y tirarme en mi jardin","","","",""
"9078886780375040","9066132640108544","61871136","2010-11-29 02:59:09 +0000","<a href=""http://www.tweets60.com/"" rel=""nofollow"">Tweets60</a>","@CotyPonce que onda con manu? se chapan?","","","",""
"9010716690358272","","","2010-11-28 22:28:16 +0000","<a href=""https://dev.twitter.com/docs/tfw"" rel=""nofollow"">Twitter for Websites</a>","I have 32 twinterests. Want to see what interests we share? Play #twinterest to find out: http://t.co/px1J6ke","","","","http://gravity.com/tw/juanps82"
"7930786078527488","","","2010-11-25 22:57:01 +0000","<a href=""http://twitter.com"" rel=""nofollow"">Twitter Web Client</a>","RT @Copi_Corellano: COPI CORELLANO EN CONCIERTO.-

Viernes 17 de Diciembre LA BOHEMIA (Caballito) de 21:00 – 23:00 Hs.- Yerbal 1657,...  ...","7877803781398529","65102300","2010-11-25 19:26:29 +0000",""
"7930460978024448","","","2010-11-25 22:55:43 +0000","<a href=""http://www.mixero.com"" rel=""nofollow"">Mixero</a>","Sacame de aquí...No me dejes solo.","","","",""
"7769958457016320","","","2010-11-25 12:17:57 +0000","<a href=""http://www.mixero.com"" rel=""nofollow"">Mixero</a>","mejor morir de pie que vivir arrodillado","","","",""
"2887467678048257","","","2010-11-12 00:56:40 +0000","<a href=""https://dev.twitter.com/docs/tfw"" rel=""nofollow"">Twitter for Websites</a>","Enrique Bunbury 1997-2010. Juan® - Taringa! http://t.co/RV64LJF vía @taringa","","","","http://www.taringa.net/posts/musica/7907928/Enrique-Bunbury-1997-2010_-Juan_.html"
"566269254303744","","","2010-11-05 15:13:03 +0000","<a href=""http://twitter.com"" rel=""nofollow"">Twitter Web Client</a>","RT @bunburyoficial: Gran Rex, Buenos Aires Pt.2 SET-LIST http://fb.me/Kw5PTP8F","445350896730112","106876550","2010-11-05 07:12:34 +0000",""
"29294608859","","","2010-10-31 00:00:00 +0000","<a href=""http://twitter.com"" rel=""nofollow"">Twitter Web Client</a>","RT @kpsaynomore: Mañana a llenar la rosada de flores para cristina!!","29286061107","161890650","2010-10-31 15:18:44 +0000",""
"28070111982","28067015238","61871136","2010-10-21 00:00:00 +0000","<a href=""http://twitter.com"" rel=""nofollow"">Twitter Web Client</a>","@CotyPonce paraaaa canosa V.","","","",""
"28070145216","","","2010-10-21 00:00:00 +0000","<a href=""http://twitter.com"" rel=""nofollow"">Twitter Web Client</a>","Vos sos mi vida, estar a tu lado es una locura! )H(","","","",""
"27886151995","","","2010-10-20 00:00:00 +0000","<a href=""https://dev.twitter.com/docs/tfw"" rel=""nofollow"">Twitter for Websites</a>","Juan® - Taringa! http://t.co/XCkA5LZ vía @taringa","","","","http://www.taringa.net/posts/musica/7537003/Enrique-Bunbury-1997-2010-act_-_MU_-Juan_.html"
"27897941649","","","2010-10-20 00:00:00 +0000","<a href=""http://twitter.com"" rel=""nofollow"">Twitter Web Client</a>","Annabel lee, tk.","","","",""
"27881198316","","","2010-10-19 00:00:00 +0000","<a href=""http://twitter.com"" rel=""nofollow"">Twitter Web Client</a>","""Las evidencias no se pueden ocultar...""","","","",""
"27400908849","","","2010-10-15 00:00:00 +0000","<a href=""http://twitter.com"" rel=""nofollow"">Twitter Web Client</a>","Viviendo de los sueños...la libertad resucitas !","","","",""
"27291658042","","","2010-10-14 00:00:00 +0000","<a href=""https://dev.twitter.com/docs/tfw"" rel=""nofollow"">Twitter for Websites</a>","Enrique Bunbury - Primer concierto flamingos [MU]Juan® - Taringa! http://t.co/1G2mQPB vía @taringa","","","","http://www.taringa.net/posts/musica/7447026/Enrique-Bunbury---Primer-concierto-flamingos-_MU_Juan_.html"
"26996318957","","","2010-10-11 00:00:00 +0000","<a href=""http://twitter.com"" rel=""nofollow"">Twitter Web Client</a>","RT @Copi_Corellano: Proxima Fecha: LA BOHEMIA (CABALLITO) dia Jueves 11 de Noviembre de 21:00 – 23:00 Hs.-Yerbal 1657, entre Morelos y.. ...","26983638930","65102300","2010-10-11 00:14:42 +0000",""
"27018931861","","","2010-10-11 00:00:00 +0000","<a href=""https://dev.twitter.com/docs/tfw"" rel=""nofollow"">Twitter for Websites</a>","Enrique Bunbury - Las consecuencias 320kbs Juan® - Taringa! http://t.co/EozMVQ5 vía @taringa","","","","http://www.taringa.net/posts/musica/7400035/Enrique-Bunbury---Las-consecuencias-320kbs-Juan_.html"
"27063651062","","","2010-10-11 00:00:00 +0000","<a href=""http://twitter.com"" rel=""nofollow"">Twitter Web Client</a>","RT @bunburyoficial: Muestra su elegancia dentro de la sencillez, Bunbury El extranjero http://fb.me/JcEBAbtS","27038036073","106876550","2010-10-11 14:23:46 +0000",""
"26892045369","","","2010-10-10 00:00:00 +0000","<a href=""http://twitter.com"" rel=""nofollow"">Twitter Web Client</a>","RT @bunburyoficial: Enrique Bunbury llena el Auditorio Nacional http://fb.me/znz3OgNw","26880020455","106876550","2010-10-09 22:07:19 +0000",""
"26967677885","","","2010-10-10 00:00:00 +0000","<a href=""https://dev.twitter.com/docs/tfw"" rel=""nofollow"">Twitter for Websites</a>","Enrique Bunbury post dominguero Juan® - Taringa! http://t.co/2rDg6pM vía @taringa","","","","http://www.taringa.net/posts/downloads/7390466/Enrique-Bunbury-post-dominguero-Juan_.html"
"26821127386","","","2010-10-09 00:00:00 +0000","<a href=""https://dev.twitter.com/docs/tfw"" rel=""nofollow"">Twitter for Websites</a>","2010 - Bunbuby 3D audio(trackeado) y video [MU] Juan® - Taringa! http://t.co/lbxMRgb vía @taringa","","","","http://www.taringa.net/posts/downloads/7369893/2010---Bunbuby-3D-audio_trackeado_-y-video-_MU_-Juan_.html"
"26852636092","","","2010-10-09 00:00:00 +0000","<a href=""https://dev.twitter.com/docs/tfw"" rel=""nofollow"">Twitter for Websites</a>","Heroes del Silencio - Tesoro(audio) Ult. Concierto Juan® - Taringa! http://t.co/UXp6N1V vía @taringa","","","","http://www.taringa.net/posts/musica/7370063/Heroes-del-Silencio---Tesoro_audio_-Ult_-Concierto-Juan_.html"
"26852674283","","","2010-10-09 00:00:00 +0000","<a href=""https://dev.twitter.com/docs/tfw"" rel=""nofollow"">Twitter for Websites</a>","The Platinum Collection - Héroes del Silencio(3CD) Juan® - Taringa! http://t.co/tryXi73 vía @taringa","","","","http://www.taringa.net/posts/musica/7372426/The-Platinum-Collection---Heroes-del-Silencio_3CD_-Juan_.html"
"26854602274","","","2010-10-09 00:00:00 +0000","<a href=""https://dev.twitter.com/docs/tfw"" rel=""nofollow"">Twitter for Websites</a>","2010 - Bunbuby 3D audio(trackeado) y video [MU] Juan® - Taringa! http://t.co/GFheN1s vía @taringa","","","","http://www.taringa.net/posts/downloads/7372774/2010---Bunbuby-3D-audio_trackeado_-y-video-_MU_-Juan_.html"
"26086285748","","","2010-10-01 00:00:00 +0000","<a href=""http://twitter.com"" rel=""nofollow"">Twitter Web Client</a>","bancos de mierda","","","",""
"24980450869","","","2010-09-20 00:00:00 +0000","<a href=""http://twitter.com"" rel=""nofollow"">Twitter Web Client</a>","No tengo dueño...no soy tu esclavo, un poco tuyo y de todo el mundo.","","","",""
"25069728283","","","2010-09-20 00:00:00 +0000","<a href=""http://twitter.com"" rel=""nofollow"">Twitter Web Client</a>","""Cantale a la estrella que te acompañó.""","","","",""
"24293423340","","","2010-09-12 00:00:00 +0000","<a href=""http://twitter.com"" rel=""nofollow"">Twitter Web Client</a>","la city entera con wifi...BASTA!","","","",""
"23194818816","","","2010-09-07 00:00:00 +0000","<a href=""http://twitter.com"" rel=""nofollow"">Twitter Web Client</a>","Destinos cruzados....","","","",""
"23194917676","","","2010-09-07 00:00:00 +0000","<a href=""http://twitter.com"" rel=""nofollow"">Twitter Web Client</a>","@marininga al final no vas?","","","",""
"23203248896","23195589526","145741959","2010-09-07 00:00:00 +0000","<a href=""http://twitter.com"" rel=""nofollow"">Twitter Web Client</a>","@rosalesmanu FIJATE, tambien da para escucharla mientras los ojos se cierran de apoco","","","",""
"22876847158","","","2010-09-03 00:00:00 +0000","<a href=""http://twitter.com"" rel=""nofollow"">Twitter Web Client</a>","afffffffffffffff","","","",""
"21359234121","","","2010-08-17 00:00:00 +0000","<a href=""http://twitter.com"" rel=""nofollow"">Twitter Web Client</a>","@FlorGorini Gracias, te quiero mucho, y no sabes cuanto.","","","",""
"21230116208","","","2010-08-15 00:00:00 +0000","<a href=""http://twitter.com"" rel=""nofollow"">Twitter Web Client</a>","Es momento de quedarse y explotar","","","",""
"21034084798","","","2010-08-13 00:00:00 +0000","<a href=""http://twitter.com"" rel=""nofollow"">Twitter Web Client</a>","GRACIAS L, un objetivo mas =)","","","",""
"20636633909","","","2010-08-08 00:00:00 +0000","<a href=""http://twitter.com"" rel=""nofollow"">Twitter Web Client</a>","""Dame tantas rosas como espinas me clavé...""","","","",""
"20638746344","","","2010-08-08 00:00:00 +0000","<a href=""http://twitpic.com"" rel=""nofollow"">Twitpic</a>","CANDE TE AMO...feliz dia http://twitpic.com/2cun2r","","","",""
"20639506024","20637670097","124247148","2010-08-08 00:00:00 +0000","<a href=""http://twitter.com"" rel=""nofollow"">Twitter Web Client</a>","@irene_chu mañana hay q sacar la entrada","","","",""
"20641228665","","","2010-08-08 00:00:00 +0000","<a href=""http://twitter.com"" rel=""nofollow"">Twitter Web Client</a>","http://twitpic.com/2cuzc3","","","",""
"20648001162","","","2010-08-08 00:00:00 +0000","<a href=""http://twitter.com"" rel=""nofollow"">Twitter Web Client</a>","RT @Copi_Corellano: será invitado de VOX DEI.Esta noche 20hs,Club Tucumán de Quilmes.
www.vuenosairez.com/agenda/vox-dei-en-quilmes/53253","","","",""
"20513362549","","","2010-08-07 00:00:00 +0000","<a href=""http://www.tweets60.com/"" rel=""nofollow"">Tweets60</a>","=)","","","",""
"20585719116","","61871136","2010-08-07 00:00:00 +0000","<a href=""http://twitter.com"" rel=""nofollow"">Twitter Web Client</a>","@CotyPonce Que anti futbol q sos coty, besos","","","",""
"20305165318","","61871136","2010-08-04 00:00:00 +0000","<a href=""http://twitter.com"" rel=""nofollow"">Twitter Web Client</a>","@CotyPonce Feliz cumple","","","",""
"20075207562","","","2010-08-01 00:00:00 +0000","<a href=""http://www.tweets60.com/"" rel=""nofollow"">Tweets60</a>","y la magia en tus ojos...","","","",""
"19957514730","","","2010-07-31 00:00:00 +0000","<a href=""http://twitter.com"" rel=""nofollow"">Twitter Web Client</a>","""Como lo permitimos que los que hicimos tan mal, fue este orgullo desgraciado? que nos supimos tragar.","","","",""
"19957718456","","","2010-07-31 00:00:00 +0000","<a href=""http://twitter.com"" rel=""nofollow"">Twitter Web Client</a>","@AnalithGomez ""hay cercos invisibles para doctrinas increibles
pequeños catecismos para onanistas de abadia.""","","","",""
"19985677208","","","2010-07-31 00:00:00 +0000","<a href=""http://twitter.com"" rel=""nofollow"">Twitter Web Client</a>","@AnalithGomez gracias x la invitación. ""Mujeres: son metales en estado de algodón.""","","","",""
"19985732386","","","2010-07-31 00:00:00 +0000","<a href=""http://twitter.com"" rel=""nofollow"">Twitter Web Client</a>","@FlorGorini nena te quiero, y gracias!","","","",""
"19985843266","","72781951","2010-07-31 00:00:00 +0000","<a href=""http://twitter.com"" rel=""nofollow"">Twitter Web Client</a>","@3deellos necesito 2 entradas para hoy, copensé! saludos","","","",""
"19856729027","","","2010-07-29 00:00:00 +0000","<a href=""http://twitter.com"" rel=""nofollow"">Twitter Web Client</a>","Quizas mañana salga el sol","","","",""
"19476383530","19443226688","61871136","2010-07-25 00:00:00 +0000","<a href=""http://twitter.com"" rel=""nofollow"">Twitter Web Client</a>","@CotyPonce No pude, colgue","","","",""
"19512267180","19511848522","127669685","2010-07-25 00:00:00 +0000","<a href=""http://twitter.com"" rel=""nofollow"">Twitter Web Client</a>","@GeorgiFernandez para estar en la cama, acompañado si es posible","","","",""
"19521000385","","","2010-07-25 00:00:00 +0000","<a href=""http://twitter.com"" rel=""nofollow"">Twitter Web Client</a>","""Cuanto tiempo perdemos en un sueño tan real? sin reaccionar.""","","","",""
"19399443447","19398181516","145741959","2010-07-24 00:00:00 +0000","<a href=""http://twitter.com"" rel=""nofollow"">Twitter Web Client</a>","@rosalesmanu JAJAJAJAJAJA sos un groso","","","",""
"19273319539","","","2010-07-23 00:00:00 +0000","<a href=""http://twitter.com"" rel=""nofollow"">Twitter Web Client</a>","""Maldita Suerte.""","","","",""
"18902666310","","","2010-07-19 00:00:00 +0000","<a href=""http://twitter.com"" rel=""nofollow"">Twitter Web Client</a>","""canto xq me levanto siempre con las mismas fuerzas. Con las heridas abiertas q siguen sin cicatrizar."" soñe con vos y nadie mas.","","","",""
"18801646935","18771101349","61871136","2010-07-18 00:00:00 +0000","<a href=""http://twitter.com"" rel=""nofollow"">Twitter Web Client</a>","@CotyPonce donde era kika?","","","",""
"18816731437","","","2010-07-18 00:00:00 +0000","<a href=""http://twitter.com"" rel=""nofollow"">Twitter Web Client</a>","""Las consecuencias son inevitables.""","","","",""
"18816783897","","168019007","2010-07-18 00:00:00 +0000","<a href=""http://twitter.com"" rel=""nofollow"">Twitter Web Client</a>","@Lagranlali no hay negocio, solo hay paz","","","",""
"18822385777","18806472032","145741959","2010-07-18 00:00:00 +0000","<a href=""http://twitter.com"" rel=""nofollow"">Twitter Web Client</a>","@rosalesmanu Daleee manolo te sobra noche a vos","","","",""
"18828735279","","","2010-07-18 00:00:00 +0000","<a href=""http://twitter.com"" rel=""nofollow"">Twitter Web Client</a>","RT @Gabdivia: "" Encontré al lado del camino el sendero oculto, jamás lo recorrí y hoy he llegado al final . . . ""","","","",""
"18829851121","18829383075","61871136","2010-07-18 00:00:00 +0000","<a href=""http://twitter.com"" rel=""nofollow"">Twitter Web Client</a>","@CotyPonce Jamas","","","",""
"18830194400","18829950979","61871136","2010-07-18 00:00:00 +0000","<a href=""http://twitter.com"" rel=""nofollow"">Twitter Web Client</a>","@CotyPonce Preguntale, ves cara de lechuza","","","",""
"18853734127","","","2010-07-18 00:00:00 +0000","<a href=""http://twitter.com"" rel=""nofollow"">Twitter Web Client</a>","""de lo q quede de mi, te llevo un poco.""","","","",""
"18856283709","","","2010-07-18 00:00:00 +0000","<a href=""http://twitter.com"" rel=""nofollow"">Twitter Web Client</a>","Cuando mas queres, no te pasa, es ley.","","","",""
"18761559250","","","2010-07-17 00:00:00 +0000","<a href=""http://twitter.com"" rel=""nofollow"">Twitter Web Client</a>","""No tengo dueño, no soy tu esclavo, un poco tuyo y de todo el mundo"" me hicieron asustar. LO SABES HIJA DE UNA REINA","","","",""
"18770956000","18574330015","61871136","2010-07-17 00:00:00 +0000","<a href=""http://twitter.com"" rel=""nofollow"">Twitter Web Client</a>","@CotyPonce Yo soy tu luz jajaja","","","",""
"18771619415","18771101349","61871136","2010-07-17 00:00:00 +0000","<a href=""http://twitter.com"" rel=""nofollow"">Twitter Web Client</a>","@CotyPonce Escribo no hablo, era una joda tarada","","","",""
"18787538899","","","2010-07-17 00:00:00 +0000","<a href=""http://twitter.com"" rel=""nofollow"">Twitter Web Client</a>","hay otras formas de huir....","","","",""
"18789727880","","124247148","2010-07-17 00:00:00 +0000","<a href=""http://twitter.com"" rel=""nofollow"">Twitter Web Client</a>","@irene_chu holaaaa","","","",""
"18796345311","","","2010-07-17 00:00:00 +0000","<a href=""http://twitter.com"" rel=""nofollow"">Twitter Web Client</a>","Un duende te invita a soñar....","","","",""
"18650043299","","","2010-07-16 00:00:00 +0000","<a href=""http://twitter.com"" rel=""nofollow"">Twitter Web Client</a>","RT @bunbury1: ""Sí, las estrellas te iluminan y te sirven de guía
te sientes tan fuerte que piensas
que nadie te puede tocar."" HdS","","","",""
"18574301707","","","2010-07-15 00:00:00 +0000","<a href=""http://twitter.com"" rel=""nofollow"">Twitter Web Client</a>","se corto la luzzzzzzz","","","",""
"18509487686","","","2010-07-14 00:00:00 +0000","<a href=""http://twitter.com"" rel=""nofollow"">Twitter Web Client</a>","Con este frio, se muere  algun cuervo hoy, amargos pechos frios.. ..llendo al trabajo","","","",""
"18399187147","","","2010-07-13 00:00:00 +0000","<a href=""http://twitter.com"" rel=""nofollow"">Twitter Web Client</a>","Maldita suerte","","","",""
"18232865753","","","2010-07-11 00:00:00 +0000","<a href=""http://twitter.com"" rel=""nofollow"">Twitter Web Client</a>","ADIOS COMPAÑEROS, ADIOS, es momento de marcharse","","","",""
"18205651988","18094970891","74591231","2010-07-10 00:00:00 +0000","<a href=""http://twitter.com"" rel=""nofollow"">Twitter Web Client</a>","@Gabdivia: que gran verdad, pero cuanto las necesitamos, saludos","","","",""
"18205701738","","","2010-07-10 00:00:00 +0000","<a href=""http://twitter.com"" rel=""nofollow"">Twitter Web Client</a>","Una sed de ilusiones infinita.","","","",""
"18206129795","","106876550","2010-07-10 00:00:00 +0000","<a href=""http://twitter.com"" rel=""nofollow"">Twitter Web Client</a>","@bunbury1 el 13 de agosto es mi cumpleaños, festejemos en argentina. ajjaja saludos","","","",""
"17856705429","","","2010-07-06 00:00:00 +0000","<a href=""http://twitter.com"" rel=""nofollow"">Twitter Web Client</a>","RT @Copi_Corellano @juanps82 ESPERO Y DESEO QUE VA A SER PRONTO, CUANDO PRESENTEMOS EL DISCO EN BUENOS AIRES Y A PARTIR DE AGOSTO x  LUGARES","","","",""
"17739982173","","","2010-07-04 00:00:00 +0000","<a href=""http://twitter.com"" rel=""nofollow"">Twitter Web Client</a>","RT @juanps82: PCA BUNBURY http://undesquiciado.blogspot.com","","","",""
"17630544386","17627024496","111055828","2010-07-03 00:00:00 +0000","<a href=""http://twitter.com"" rel=""nofollow"">Twitter Web Client</a>","@LaLocaDora dirian unos sabios, ""la locura nunca tuvo maestro..."" un abrazo desquiciado.","","","",""
"17635808496","17634563986","37093819","2010-07-03 00:00:00 +0000","<a href=""http://twitter.com"" rel=""nofollow"">Twitter Web Client</a>","@wqueijeiro hola walter, como esta messi? Tamos muy nerviosos, abrazo","","","",""
"17635891588","","","2010-07-03 00:00:00 +0000","<a href=""http://twitter.com"" rel=""nofollow"">Twitter Web Client</a>","RT @LaLocaDora: ¡Otra Loca más! RT @juanps82 ""GENTE COMPLETAMENTE LOCA"" http://bit.ly/aJUGHp ¡LocaLinda! GRACIAS, SOS UNA IDOLA.","","","",""
"17636017269","17118072464","65102300","2010-07-03 00:00:00 +0000","<a href=""http://twitter.com"" rel=""nofollow"">Twitter Web Client</a>","@Copi_Corellano Vas a estar con y de ellos y confidente? Seria un placer, avisame cuando toque x ahi. Saludos sr. Musico","","","",""
"17580961803","","","2010-07-02 00:00:00 +0000","<a href=""http://twitter.com"" rel=""nofollow"">Twitter Web Client</a>","Heroes +  Bunbury para entendidos.
 http://undesquiciado.blogspot.com/2010/07/heroes-bunbury.html?spref=tw","","","",""
"17519386850","","88739345","2010-07-01 00:00:00 +0000","<a href=""http://twitter.com"" rel=""nofollow"">Twitter Web Client</a>","@fernandoalbo hacela mierda, no seas cagon...borom bombon hacela mierda, no seas cagon!!!!!","","","",""
"17203758406","","","2010-06-27 00:00:00 +0000","<a href=""http://twitter.com"" rel=""nofollow"">Twitter Web Client</a>","""Espera que sople el viento a favor..."" Enrique Bunbury","","","",""
"17062096569","","","2010-06-26 00:00:00 +0000","<a href=""http://twitter.com"" rel=""nofollow"">Twitter Web Client</a>","Algun dia espero q la tos me deje en paz! Maldito clima","","","",""
"16547394805","","","2010-06-19 00:00:00 +0000","<a href=""http://twitter.com"" rel=""nofollow"">Twitter Web Client</a>","mimi maura...te quiero ver","","","",""
"16570684631","","61871136","2010-06-19 00:00:00 +0000","<a href=""http://twitter.com"" rel=""nofollow"">Twitter Web Client</a>","@CotyPonce que haces?","","","",""
"16450622442","","","2010-06-18 00:00:00 +0000","<a href=""http://twitter.com"" rel=""nofollow"">Twitter Web Client</a>","""En ningún momento estaba solo....y todo parecia tan perfecto!.""","","","",""
"16451556362","","","2010-06-18 00:00:00 +0000","<a href=""http://twitter.com"" rel=""nofollow"">Twitter Web Client</a>","Malas intenciones http://undesquiciado.blogspot.com/?spref=tw","","","",""
"16500710116","","","2010-06-18 00:00:00 +0000","<a href=""http://twitter.com"" rel=""nofollow"">Twitter Web Client</a>","RT @manumburucuya Con nuevo chiche telefonico","","","",""
"16214882462","","","2010-06-15 00:00:00 +0000","<a href=""http://twitter.com"" rel=""nofollow"">Twitter Web Client</a>","""GENTE COMPLETAMENTE LOCA"" http://undesquiciado.blogspot.com/?spref=tw","","","",""
"15913463106","","","2010-06-11 00:00:00 +0000","<a href=""http://twitter.com"" rel=""nofollow"">Twitter Web Client</a>","PCA BUNBURY http://undesquiciado.blogspot.com","","","",""
"15913512851","15905828488","137081280","2010-06-11 00:00:00 +0000","<a href=""http://twitter.com"" rel=""nofollow"">Twitter Web Client</a>","@bkabunbury =)","","","",""
"15880079961","","","2010-06-10 00:00:00 +0000","<a href=""http://twitter.com"" rel=""nofollow"">Twitter Web Client</a>","""Tuyo es solo...lo que no! tiene dueño. http://undesquiciado.blogspot.com/2010/06/tuyo-es-sololo-que-no-tiene-dueno.html?spref=tw","","","",""
"15757576765","","","2010-06-09 00:00:00 +0000","<a href=""http://twitter.com"" rel=""nofollow"">Twitter Web Client</a>","RT @bunburyclub: I like this page: http://soc.li/gwUkJsL","15751981593","69495294","2010-06-09 02:48:40 +0000",""
"15757623829","","","2010-06-09 00:00:00 +0000","<a href=""http://twitter.com"" rel=""nofollow"">Twitter Web Client</a>","""GENTE COMPLETAMENTE LOCA"" http://undesquiciado.blogspot.com/?spref=tw - Lo que andabamos buscando - ELEFANTE","","","",""
"15804130250","","","2010-06-09 00:00:00 +0000","<a href=""http://twitter.com"" rel=""nofollow"">Twitter Web Client</a>","http://undesquiciado.blogspot.com/2010/06/alejandro-sokol.html","","","",""
"15805150110","","","2010-06-09 00:00:00 +0000","<a href=""http://twitter.com"" rel=""nofollow"">Twitter Web Client</a>","""GENTE COMPLETAMENTE LOCA"": Alejandro Sokol http://undesquiciado.blogspot.com/2010/06/alejandro-sokol.html?spref=tw","","","",""
"15600013753","","","2010-06-07 00:00:00 +0000","<a href=""http://twitter.com"" rel=""nofollow"">Twitter Web Client</a>","http://undesquiciado.blogspot.com/?spref=tw
BUNBURY-AMIGOS Y GRANDES APORTES","","","",""
"15619207112","","","2010-06-07 00:00:00 +0000","<a href=""http://twitter.com"" rel=""nofollow"">Twitter Web Client</a>","bunbury http://undesquiciado.blogspot.com/?spref=tw","","","",""
"15531035197","","","2010-06-06 00:00:00 +0000","<a href=""http://twitter.com"" rel=""nofollow"">Twitter Web Client</a>","GENTE COMPLETAMENTE LOCA: Enrique Bunbury http://undesquiciado.blogspot.com/2010/06/enrique-bunbury.html?spref=tw","","","",""
"15565520729","","","2010-06-06 00:00:00 +0000","<a href=""http://twitter.com"" rel=""nofollow"">Twitter Web Client</a>","GENTE COMPLETAMENTE LOCA: ENRIQUE BUNBURY
http://undesquiciado.blogspot.com/2010/06/enrique-bunbury-buenas-aca-les-dejo-un.html?spref=tw","","","",""
"15572279678","15448906850","61871136","2010-06-06 00:00:00 +0000","<a href=""http://twitter.com"" rel=""nofollow"">Twitter Web Client</a>","@CotyPonce nena podrias coparte y mandarme un seguir","","","",""
"15497276399","","","2010-06-05 00:00:00 +0000","<a href=""http://twitter.com"" rel=""nofollow"">Twitter Web Client</a>","""Era todo no preguntes.....soy un iluso.","","","",""
"15513756342","","","2010-06-05 00:00:00 +0000","<a href=""http://twitter.com"" rel=""nofollow"">Twitter Web Client</a>","GENTE COMPLETAMENTE LOCA http://undesquiciado.blogspot.com/?spref=tw","","","",""
"15396693752","","","2010-06-04 00:00:00 +0000","<a href=""http://twitter.com"" rel=""nofollow"">Twitter Web Client</a>","6 7 8","","","",""
"15396760714","","","2010-06-04 00:00:00 +0000","<a href=""http://twitter.com"" rel=""nofollow"">Twitter Web Client</a>","RT @patriaquemera: He marcado un vídeo como favorito en YouTube. -- Photoshop: Circular Text (HD) http://youtu.be/LFa8XgtjTBE?a","15390535651","20733409","2010-06-04 03:57:36 +0000",""
"15397606078","15385467586","124779370","2010-06-04 00:00:00 +0000","<a href=""http://twitter.com"" rel=""nofollow"">Twitter Web Client</a>","@rialjorge jajaaja de solo pensar el como me da asco","","","",""
"15409640689","","","2010-06-04 00:00:00 +0000","<a href=""http://twitter.com"" rel=""nofollow"">Twitter Web Client</a>","El dia d","","","",""
"15449572963","","","2010-06-04 00:00:00 +0000","<a href=""http://twitter.com"" rel=""nofollow"">Twitter Web Client</a>","RT @CotyPonce: Hoy sin dudas va a ser noche de pelis. Mañana temprano arriba, partido a las 12! VAMOS JOGO BONITO recuperemos la punta!","15448906850","61871136","2010-06-04 23:18:41 +0000",""
"15449588160","","61871136","2010-06-04 00:00:00 +0000","<a href=""http://twitter.com"" rel=""nofollow"">Twitter Web Client</a>","@CotyPonce te falta nafta","","","",""
"15307270550","15304639538","24342206","2010-06-03 00:00:00 +0000","<a href=""http://twitter.com"" rel=""nofollow"">Twitter Web Client</a>","@manuginobili uy manu q garron!!! pero son esas cosas lindas que te quedan en tu chip, saludos Juan.","","","",""
"15312455164","","","2010-06-03 00:00:00 +0000","<a href=""http://twitter.com"" rel=""nofollow"">Twitter Web Client</a>","Esperando al medicooo","","","",""
"15328914227","15324575806","124779370","2010-06-03 00:00:00 +0000","<a href=""http://twitter.com"" rel=""nofollow"">Twitter Web Client</a>","@rialjorge toma es un dinosaurio...q baile con PAMI JONES jAJAJAJ","","","",""
"15330829317","","145741959","2010-06-03 00:00:00 +0000","<a href=""http://twitter.com"" rel=""nofollow"">Twitter Web Client</a>","@manumburucuya Hola manu te paso un usuario fernandezanibal buenisimoooo, estoy con una peste es cama. Saludos","","","",""
"15334340054","15333692727","124779370","2010-06-03 00:00:00 +0000","<a href=""http://twitter.com"" rel=""nofollow"">Twitter Web Client</a>","@rialjorge 1 para ir a buscar la rica a la villa? Jajajaja","","","",""
"15336649863","","88739345","2010-06-03 00:00:00 +0000","<a href=""http://twitter.com"" rel=""nofollow"">Twitter Web Client</a>","@fernandoalbo se viene el mundial y miriam me dijo q vaya a buscar la tele...trabaja amargo!","","","",""
"15215802071","","61871136","2010-06-02 00:00:00 +0000","<a href=""http://twitter.com"" rel=""nofollow"">Twitter Web Client</a>","@CotyPonce que haces burrita ortega?","","","",""
"15243021094","","","2010-06-02 00:00:00 +0000","<a href=""http://twitter.com"" rel=""nofollow"">Twitter Web Client</a>","Alguien se cruza contigo de mala forma Tu filosofía es ""no te ocupes, ya te las pagará!""","","","",""
"15243026374","","","2010-06-02 00:00:00 +0000","<a href=""http://twitter.com"" rel=""nofollow"">Twitter Web Client</a>","Eres imprececible. No importa cuán duro trabajes para estar en paz y Zen tu sangre arde y no puedes ni sostener un argumento sin molestarte.","","","",""
"15243098827","15242636945","124779370","2010-06-02 00:00:00 +0000","<a href=""http://twitter.com"" rel=""nofollow"">Twitter Web Client</a>","@rialjorge si jorge estoy tan engripado que hasta el oido de sonarme la nariz...me duele, buena jornada","","","",""
"15243475480","","","2010-06-02 00:00:00 +0000","<a href=""http://twitter.com"" rel=""nofollow"">Twitter Web Client</a>","RT @rialjorge: Buen dia a todos! Yendo a la radio tratando de no pensar en el frio. Pero el frio esta","15242636945","124779370","2010-06-02 10:35:53 +0000",""
"15244089070","","","2010-06-02 00:00:00 +0000","<a href=""http://twitter.com"" rel=""nofollow"">Twitter Web Client</a>","RT @loflosa: @rialjorge Ayudame a difundir una campaña, pedimos frazadas para la gente de Catamarca unsolparatodos@gmail.com","15243527372","139707354","2010-06-02 10:57:50 +0000",""
"15253318898","","139185270","2010-06-02 00:00:00 +0000","<a href=""http://twitter.com"" rel=""nofollow"">Twitter Web Client</a>","@Lapity25 Que haces naty?","","","",""
"15253592065","","93309859","2010-06-02 00:00:00 +0000","<a href=""http://twitter.com"" rel=""nofollow"">Twitter Web Client</a>","@qOqiierOckR Que grande enrique! Besos","","","",""
"15191687697","","","2010-06-01 00:00:00 +0000","<a href=""http://twitter.com"" rel=""nofollow"">Twitter Web Client</a>","""Simplemente no te necesito.""","","","",""
"15199466054","","","2010-06-01 00:00:00 +0000","<a href=""http://twitter.com"" rel=""nofollow"">Twitter Web Client</a>","Como me duele el oidooooooooo","","","",""
"15211772255","","","2010-06-01 00:00:00 +0000","<a href=""http://twitter.com"" rel=""nofollow"">Twitter Web Client</a>","""El tiempo no cura nada....el tiempo no es un doctor.""","","","",""
"15063298625","","","2010-05-30 00:00:00 +0000","<a href=""http://twitter.com"" rel=""nofollow"">Twitter Web Client</a>","Cuando podras amar....sin tantos complejos","","","",""
"14955575608","","","2010-05-29 00:00:00 +0000","<a href=""http://twitter.com"" rel=""nofollow"">Twitter Web Client</a>","Luna menguante...amante, traidora. Escondes la llave....","","","",""
"14955986807","14888102956","65102300","2010-05-29 00:00:00 +0000","<a href=""http://twitter.com"" rel=""nofollow"">Twitter Web Client</a>","@Copi_Corellano Hola Maestro, cuando toca por capital federal? un saludos enorme, un lujo tenerlo en tierras sudamericanas.","","","",""
"14903472993","","","2010-05-28 00:00:00 +0000","<a href=""http://twitter.com"" rel=""nofollow"">Twitter Web Client</a>","las despedidas son...esos dolores dulces.","","","",""
"14915464941","","","2010-05-28 00:00:00 +0000","<a href=""http://twitter.com"" rel=""nofollow"">Twitter Web Client</a>","Te extraño","","","",""
"14936538316","14935703803","2760141","2010-05-28 00:00:00 +0000","<a href=""http://twitter.com"" rel=""nofollow"">Twitter Web Client</a>","@reclu jajajaj que buena pregunta","","","",""
"12705737758","","","2010-04-23 00:00:00 +0000","<a href=""http://www.sociallyapp.com"" rel=""nofollow"">Socially Mobile</a>","using free @sociallyapp on my #nokia phone - best app for #Facebook, #Twitter, #LinkedIn.. get from #ovi store or http://sociallyapp.com","","","",""
"12707478927","","","2010-04-23 00:00:00 +0000","<a href=""http://www.sociallyapp.com"" rel=""nofollow"">Socially Mobile</a>","Escuchando a bunbury","","","",""
